field_1,field_2,field_3
92,DZTSNI[,13
23,KNASMGAJUJCQYTKNQ,16
26,OFJCXAZMAESWQGC,14
6,CNO,57
50,MWPIPZC[LQKUBWQTRK,26
86,HLYN,90
12,CZAWJRKXFVTVXNCGEJPB,5
42,NYSOWI[HIHJENGE,44
40,M[QMZPW[EI,10
4,KLWYW,16
34,WDVWKKKU,1
67,WSNAFXZJ,52
17,VFDHBLLXC[[[XPD,91
63,MOF,90
72,BALXSX,60
63,PP[HOQ,55
27,OWHT[UBQ,10
22,BQLCBBCPIPNVRONX[G,13
28,WVYTVFSEUORIL,15
90,[DZAVDYK,29
98,IULUKERWL,0
65,ZYKLTJAIH[,64
76,IRDNE[RHTTRWSCRRKHI,60
26,WAF[WMGEMQWIXYIV,10
58,DBRQXNXPFH,46
32,COZXBJZCKPUCCEFM,76
64,DTFSEBBMKGREWVY,14
99,[DMISIQFBK,37
52,USVIKKQHIA,66
52,XWZXCIS,69
81,EECUDIJQODVMGH,21
35,LFJPWD[INBHSJUHI,18
73,IEZBQBZQTQZ,89
94,LIJPTSWFZDOTG,37
78,VSFCX[OUJARYWBPLD,8
38,QPDBQTPXCGQSVVH,69
99,ZRIGCJMTVQ,65
86,EXQXDVSGOJCGB,65
55,NEXRBB,92
93,XZYVPGEFUBNZUMBTZT,35
79,QQE[PVSKMDTWDDQ,31
35,PN[MCIQTMYQUJK,58
49,YKLYVPD,59
41,IYLUPHZOQA[,10
52,AGQCLIGXAEKFCXF,10
33,WANYMOKEWCTPLY,60
71,HQMQNQIBNUTCB,25
90,ONBWBS[EJQPGJWXF,49
4,VQJPWALDEBWPGKHFOF,43
96,NYUQL[PEAGYG[Z,18
60,JTUHSCBGMLLTQEZ,99
96,OKGLUAMFGKOKP,34
47,GGZF,44
66,HVPDISDSUJ,94
62,FRS,21
84,GL[XRGYYXM[LT,85
14,CQYQUXYQRO,26
32,DOSURNS,64
59,RNWZNMWPFSLT,56
21,EALVKEJUX,65
84,CYCULPEV,19
79,GSLSSXYTASH,28
78,ROFOM[JUKVTJ,55
53,RHJUPQWH,62
32,OLZOJSFPZTJZILKYABJ,16
8,QTDLRTNKPBDQ,92
79,SPPIHPLXZPSM,88
17,TIMP,96
90,ZAMBXHL,6
8,B[JDIUGQAMC,28
10,ZRCWDTRNBDTONB[R,33
23,YBHFEJVDHKZR,53
11,[WRMGGGUPCD,20
69,ZQKNTHTAHBQQCXJDVEUB,72
45,YDAL,29
84,PTHS,66
35,SOYIVYIPLIQSLLO,61
4,HQQMPRAOL,5
61,CMYNSO,0
46,AYDMPD,18
50,JHAOJJGOL,22
28,NAVMHTTZBBLDPTSSNTDE,70
69,[UGJNK,87
48,YLDZKJICCGGTO,21
44,DSBOSWWUYSAENLNR,94
23,SRIZDPFFNIFWGQE,47
92,WAXGJ,82
60,SSGGIXFJNBAKKOXA,4
68,QE[CSXXZKUUPOZZOPDX,59
35,QKSMJQBOAYFBGIYTOR,80
35,SVEQMBF,44
66,YAITPJWUZD,89
90,PAMXWDJUQX[VVPPU[I[,81
74,VTTWW,69
33,TTCBXWRWET,19
99,UC[IQGOPVD,81
95,LRRIOMG,65
92,QWZQUDQPAKEL[A,33
9,ZOYRLQMGW,68
67,QLHDSLGDOZJPGVDA,23
78,TDJYPJUONSHZBM,54
43,FKAZEESHEWFZDHMJR,5
98,LQAOTRYN,81
53,UJDHQZYGDARGOQ,56
77,FV[XRCXAFMV,55
63,ORQTH[BFJJM,32
32,KDL,49
11,SZT,77
12,FDOAMWGHFTJK,17
95,FVBFKOHJFNOMQPW,33
13,SMNZBAX,33
91,BLT,62
7,HNZCMM,67
42,GTE,34
12,PV[ZFROJHHKI,77
98,GYPJ[[AOWSPOHTIWC,43
38,JLFVCPF,95
52,[NGREDXP,57
12,OEHSRI[SMRSBWPC,59
48,SNQQYABSHZQH[WLCREX,62
82,FTFCN,18
35,XQXCMQUQRBK,9
61,GONRFSGXEXLIGZCRJQHK,98
43,RTUSNFGQC[CT[I,26
90,OPCYZWUPCDIKVVZKH,90
51,KQPILGH,66
10,XHZKHXVSYIZPZ[JL,35
18,DUQOUG,90
30,AVLDKKHGNO[URO,99
92,F[VOAPTEV,46
79,XWARWGSTA,38
96,BAZERTFQZYLFSD,75
10,MXGNQENPQMURDXTAQ,32
28,DZWLPD,30
97,Z[TIZLHU[IFGIWASZ,84
67,IFNOYRLSDDCPSCQF[XHJ,84
91,QLTRK,16
62,UOS,6
80,OFDLBPINCGAOJ,94
63,GDYLIBJCBDXBZZYZN,27
54,UAXZFM[SCBMYWST,23
41,BDTHDJT,34
58,WCAEHZAQHS[EB,4
32,XGFUWRSZLUXAOTVCVE,59
58,WJLLTLSRGX,60
66,WOGK,92
21,QZB,28
61,BSKO[LGWVNYQYKFFFA[K,16
76,LOWCSHTNXZ,6
43,YUNP,0
39,HQHIOSW[YZHZDJRZL,87
32,JGMPOTOEEHGURPQ,20
62,KAJATRYD,23
79,KAJRXQ,69
62,ESNTMOKEIIFZEXK,95
60,QMDAEMJYHVVNR,25
68,VRWOXVKFWPGQQDQ,68
85,PDNIPWNHY,12
37,LODLS[KEVBXGFH,12
83,YZSQB[[VHYC[GZ[LIWJD,95
34,AUMXICQNOFJYB,83
35,NDOWIQSR[WQWPI,22
20,YDCWZF,63
44,AKIATUJWMVWWOF,38
78,NDMCJKNPXGUGUXSFL,95
44,HXRGLUYPBDJFBSTBL,39
12,YHUSJFKRZVTVPCGVCRB,50
32,XREWUUIGVESYVNDTSAP,74
88,WQO,25
9,GTIQDOYQFZUF,88
25,[EEPGRVOWAHFEXGTZU,85
20,LKHSKACNDJ[W,82
61,TYDACB,95
22,CVMXBGZMTIRGL,62
45,UUDMFAI,64
66,SPIJXFOETDW,55
84,[VBMYCE[ZJI,51
21,QFMASAILUZAV,40
57,GFPVKVRAE,53
59,EHMJSFRPOHLDDZC[YFPL,31
70,JKLAAOJQXVFWZLSSY,76
35,GQIRZUXWGUEXSKKMZDE,75
80,GATKGEV[AAMSLH,10
3,NAQUWPRYXISVGLWHAAY,73
72,MNZGX[BGHIURZMI,16
72,PUABJOPYQOYZROHL,79
16,ROWCZGQU,8
7,PZLF,25
47,FJTVFUTDMEMOL,76
23,TZCJG[LAAEKHPRPQTVF,40
76,CJKPDJB,18
80,XTQNAE,87
67,BPGAVNOFNUFL,60
97,AMZYUKEHQQZXGCTAIG,51
41,OXKEX[BV,61
3,EYQYFPTZBIJKBE,40
59,W[STABUSEPYQ,37
38,Y[MECLP[QM,55
97,YGCLC,30
59,BTXAKFOKOYOU,50
99,SYMXZU,73
23,CZSSRRQMT[AU[FBTEYQ,22
9,YJVVPLVNR,65
40,LIIUDQXLZQITZLJGX[XH,64
82,LSIANNI[,21
71,VPCZFSHYPXPKIL,5
20,X[PSCYYJZNWF,90
60,VYSDYXY,14
23,MFCOQYNFDH,57
55,JNC,77
58,PEEGDH,65
22,TDAFXVVUTWU,89
34,MDMQOBSRVPUV,67
77,DKIYVDTFUIYLUT,16
61,JTPEFHXGASQIFMSAXQ,88
98,HCCRGMDZMTTZKUQOCT,81
95,NPOWEALAGP[DVGKPURK,51
14,UAXMPVZ[OHXDLXQ[MFI,97
65,AZYNFFGTD,94
58,LOLHDTNHFHHNFY,71
66,LIHNCO,30
1,OYQB,71
47,PKULYXJH[CNPZLPZPUO,62
73,ZSXWTUAJ,59
69,YDBJNKNKVYQCZ,67
57,QEUZFZUOBT[YTUMWDZ,2
30,JZDEBAMGPMULWKVCTAT,45
40,GGABOEKPHAGSXCQ,93
18,WRXZNGDERQFSYZ,18
83,MPJHLUPXBSKUXUPTDDLB,23
58,DRLMGZ,25
69,OSAUWDYWPF,20
32,ALWYTZGEMSUZL,18
96,ALVWUXRZUTGJZNJI,19
64,ZBW[NFWGUIPOWKRKO,81
57,OCQUV,51
9,HYCG,64
1,URBKDXRVUPDJRFEGP,95
25,VLLK[CTKV[GCEPVJN,67
58,A[V,55
91,CTI[RPK,60
62,IJGNS,56
1,G[QCITV,51
25,MLTYYDPQMYTP,68
72,XPXLEHJEW,50
64,QPAA[NXD,50
76,TUZOSOKWMWSKHFFAKDF,13
18,HYZRXX,87
26,HPJCOYZSZGO,56
8,RIQB[AKYQ[,26
87,TZJ[HJHNXVRPPR,11
77,MOAZPMXOSBVDYNFBZYEH,3
60,NVBZ,84
5,EDOUQXQJYN[ZAMFU,89
59,POPSWRB,28
3,XXCGRHD,46
30,JBOCJXNOMJQXIR[,79
42,RIHAX,31
94,ZOLNIAHWLHF,18
57,HHR[RYR,27
80,JIFCWITWUAJXLGDJAEV,99
65,WGVZR,78
65,TTOEBYDTCYSBB,6
2,MXGMQLHGWCJTY,22
39,OIQNCGBKHYN,82
75,AYF[LJTSMGHWYE,50
87,JEOINWUVQQRNG,73
98,NLQVHFGMNCHSWSKTRN,10
56,BIVJNBLN,69
64,EZJUB,23
31,[RDRBXLZDQ,45
89,KGY[KLXVK[PN,75
50,JEJQQSMWVFBWOTQC,31
88,TUTC[SQZKPHOXVRKU,56
86,CROPCU,94
84,MMBAPQX,43
70,MFNHECNPELBNYOXOOGLZ,44
35,R[CPOSUY[ICQP,67
59,PLKK[RWENQXCC,63
1,JZFGPXI,45
68,EYZVF,7
0,FYZMAA[SIB,45
31,SDAARXK[AUFJWDG,48
49,NQUJF[GY,79
91,MPODLIUVUH,13
93,VNIHVX,69
80,DFWQKXFD[MVSKR,61
25,BXQWQAZ[TS[GRTK,58
43,LAIOIFTD,19
11,OCFQMFTFZ,79
76,LEUAAXEZYAGY,4
42,D[OKNHDPYZA,11
0,NGEJIXVIDHFYJJ,83
32,DGLBKQUUZPIEVE,91
42,RJNWYHHRBWMAXK,20
87,LGB,18
68,WASXEWDP,79
28,BZFSZLEFYGHXFV,77
61,QZJKQKTDGO,63
19,XGBPNZ,19
3,YELKIJWWLDSFL,46
71,MHWLALKTUNRPOWOPHBU,42
31,YHRHOJ,82
68,IUCZSMFN[PD,3
34,XT[MBFQRW,92
18,VHKD,3
12,KBLINTSIWL,0
49,ZBCQIALXIZZ,24
57,OLPQUBCTSSOBHOQXW,23
88,ZKOORSC[LOCNNHLTY,17
36,IJYFMOFZVBRIINLKPAN,74
57,BOLIEOJX,23
33,VCJE[PJQYCWA,70
15,SRWBKKXNGDT,88
80,QDG[LEXYYLDXRYUOHF,57
67,WKZNY[JPWEKPRGGPVRY,18
1,QCLFZLJVFTOVE,16
98,VWVWQKBXNKDOALGQVEAP,12
84,GKAGQGSWJZOBFFE,59
8,QKSOWJOQRDWXQYR,5
30,HSIIDCGKWZIL,99
47,TVJMSFSZSGJHYML,52
52,JKF[VNGDTHSNAQ,64
99,YBYPSN[K[RHDLPV,19
54,BEUJEMTZNHVHO,86
30,IRRVO[RZLJXXP,7
34,UHUVNIELFKCIXYMI,79
77,YZJMBV,58
41,THWVXXSHEG,35
48,IOY[IQDVDNVS,43
34,LKKGKAZWICWIJUBPVF,59
24,DZNQDRXPHGVKGO,46
14,BCRRNYZRWAJXEGCN,54
33,X[U,47
81,PGETXS,55
52,JHRLKZ,46
18,ECEPHFRBCZOYPOZWMT,89
58,NTDLPL[R[GXPIEXRG,50
48,TGLLLKCHKWPILD[VAR,79
12,YPUXGOJZHEACBMDNE,62
45,LWGHDOCPZFRL[PWC,30
92,XTJKBVYUWBUJTLBKH,11
59,SXJKENQCPIPYCL,48
64,TQRUYT,61
74,ORNSEMKOABBJRHOINV,86
73,NBHGHGLYDOQMI,76
82,HSDF[NHVLLEVQKTKVM,83
52,ALWF,78
57,CXXAIAVJYMSY,33
68,EGNXQSBHFXZ,62
34,ESUWDQPAYXIK,87
78,QAYZSMBL[,57
2,XLDSKHRSRVDJ,59
71,OVLHHRZTXU,97
67,ZULWF,55
67,BKUMGYJJB[WHMALQ,50
47,KOAXWIZYOIDPUR,15
55,OVX,41
60,SMJNLPMSYGE[E[XN,70
53,S[WE[,10
25,SLJ,60
4,SHQXXPIXQHCHOUTKK,35
23,[XJHTYWQRV,82
65,IZWVOGKA,23
50,INWDW,19
21,ZKMUTQ,98
51,TEQXDWCW,22
29,PTRSPTZTMSBIFDIZC,96
51,EBUPDTXGPLY,13
93,KLYRJUXIUBDO,46
50,DWDTS[MDCG,99
75,OXXNYECUND,97
8,Q[MFWBXYRVFK[,52
95,PUR,25
34,DGHMXQDJEZPGME,53
15,[W[XFW[CQUOH,19
62,RTPBNRSVY,69
74,BBXLED[C[RUBFQFV[E,42
91,[NGDGFIN,73
14,UFBPVATYZDTYCNL,12
95,ZIR,24
54,[[CMQLLLKD,81
42,GMKYPNS[MMMI,76
25,OAWMHSJWDK,54
40,ZCIU,62
69,UNPNAGYNHEJD,71
53,RIOCGOJL,90
81,BKQOQF[WMSPBS,39
43,KUDQKUEUZKWMJC,17
11,UVEOWS[CVPGSRCXCXETQ,56
35,WN[DVOTXMKTBC,6
68,KETRODPJC[HQ,44
74,BWSMI,91
63,VZMOWEUI,76
85,BJUTKANWGAUAAMYHH,82
99,PUQEN,38
43,DMASZOCYX,59
14,BBEQIQQOZMKFSW,41
2,BENXEAOQGTUVTV,56
97,CDN,73
42,BWDKEHYALCGWQ[KJVG,37
83,AH[KZTBL,45
16,UKHPBQY[NXEGN,67
75,OYWXOVAFMAXYLMCG,67
76,XIAZ,21
37,UEY,91
80,LMENLIFFUFPY[V,39
93,AKPUWJHNNTSSP,33
74,SKHHRERLRIX,43
69,RMSBMNGGLEAQHEDUG[IY,51
34,XOZUKGNGGQM,91
4,RSUJAISTTDCYRUVBQJ,26
13,BXGR,85
70,XGXIQ,7
12,NKYDBBUKXSQK,62
84,HQUZKPLGMZIMWRNFJ,44
64,YQBFKUF,76
87,PVCWYNC,96
8,[BVEZAC[IGRBU,4
8,KALDGQNLAE,79
35,GPIHNIUBQCJZVIPJCVPP,25
8,JAGOGSBPASDFTDHKX,57
77,BTV,83
57,F[[SNFNZSEARH,55
44,WJITGEH,73
26,PZS,12
61,ZXZXQMHK[I,44
11,PFCGNXIKMIZHNZJ[FIDO,96
67,[PNJOHZMFXFMXLM,47
63,FDUBH[WTVTLEKWMDTQA,74
38,LDYBJKIAMPU,24
67,OLIIJGELOQFZBOS,66
96,GNQSASXHULEGSZVYDGJ,77
46,MVAGSBICIDTXINRVN,57
73,URBVWJC[IL,36
64,WZQOIDOEA,76
16,SYFT,66
26,FQSFGVP[,36
74,IHKJW,2
81,DESDTPEJAF,55
2,CKJGNNPLTOZRRGQMSGI,83
41,HYTN,85
11,QQCVAFHDNLUTTUBBTD[,10
75,PQMALB[L,45
35,LCNTOOIOBK,81
37,LMSQYDRLXLARYQ,81
43,XQGUC[LGABCO,60
5,XBP,5
11,PARNNGHXP,30
8,I[BOGVMS,94
0,PARGCPEVUJBOMW,12
95,QSNIBB,32
19,OHPVKCAKYWGQ,15
72,JWRWZ,46
39,FCIJYHZYT[Z,38
34,GINCLXOIRMUPVJ[,93
31,WROLTTLF[PV,30
8,TSF,29
7,RHG[DWIA,99
23,RUGOSXITBVWCQKOYUW,18
71,EET,88
13,ERCSCCCVZNWSGLIT,53
75,TCJQKEJYVD,95
8,ELNEMLXMUGYURV,85
15,UMWUYW,12
17,AIVZGMOHMNZCIBDM,51
11,RYBTB[RLURUKQY,79
36,SQSPVE,15
65,QXEFAAQMGT,57
72,EHNXJV[IAAXIN,74
14,YNWHSHKLOACCFHTXTWI,34
0,AUNWSGHWMA[RJSMOQV,54
2,JZJUFHBZJ,61
63,X[RONOUQIAQOZPLBJ[,16
20,NKWHHLVMXVEA[G,98
94,POKAIHEEHPS[QCRJY,52
87,TDKGBO,48
60,WNLKOUOCUXPD,88
64,PHMPRUTMIAHNSVCC,38
11,MMYHTXVMGKJ,56
41,IZCEC[KZVS[VLQNJ,91
58,LKVSL[VRZ,88
44,HODWAK,3
1,LSSUQEDVUYBWJYH,58
63,YUWMWAZZYIIRMYF,64
52,VSKLBIYITVQFIBAO,85
12,WZWDTFSCWZ,68
96,YXNRWFSTEZGGXXMK,37
98,M[J[Q,12
63,EHNJMOWR,72
21,CPJHLGMKO,13
70,[ZBMU,88
19,WLJBWQR,29
11,PGTOKYEHC[JZEUG,33
31,QY[QIFVLLBAUCZCGEN,49
98,RWQAAFXHSOSIJGO,1
53,CGFFEWB,0
67,CFIWL,4
41,PQMIS,35
19,SZUXBWSP[NCHXC[N,34
